MERC,XOM,BHP,ORCL,WMT,PEP,V,LVS,CI,COP,URI,TMUS,MRO,SLB,AVGO,CHV,MMM,MSFT,META,BOE
$12.72 ,$114.92 ,$66.81 ,$87.74 ,$140.98 ,$171.56 ,$231.32 ,$58.04 ,$289 ,$112.02 ,$455.90 ,$142.99 ,$26.87 ,$53.89 ,$614.45 ,$174.09 ,$116.90 ,$267.56 ,$191.62 ,$214.76 
$12.72 ,$111.73 ,$66.02 ,$88.53 ,$140.68 ,$171.82 ,$229.44 ,$57.85 ,$288.44 ,$107.49 ,$453.96 ,$141.97 ,$25.79 ,$53.09 ,$601.30 ,$169.64 ,$116.50 ,$256.77 ,$186.06 ,$206.81 
$12.93 ,$111.92 ,$67.08 ,$89.62 ,$141.71 ,$169.12 ,$230.13 ,$58.08 ,$292.59 ,$108.11 ,$455.07 ,$145.19 ,$26.03 ,$52.64 ,$597.62 ,$169.45 ,$117.49 ,$258.35 ,$186.53 ,$206.01 
$12.88 ,$111.15 ,$67.55 ,$89.38 ,$143.62 ,$169.97 ,$229.56 ,$57.40 ,$301.53 ,$111.30 ,$456.20 ,$146.95 ,$26.19 ,$52.29 ,$605.77 ,$169.01 ,$120.29 ,$264.60 ,$188.77 ,$209.34 
$12.83 ,$114.74 ,$70.10 ,$90.05 ,$144.67 ,$171.56 ,$230.90 ,$58.92 ,$313.28 ,$117.70 ,$454.90 ,$150.97 ,$26.78 ,$55.70 ,$602.75 ,$171.36 ,$115.86 ,$252.75 ,$153.12 ,$214.75 
$12.73 ,$116.01 ,$70.15 ,$88.46 ,$143.87 ,$171.02 ,$230.21 ,$59 ,$316.67 ,$121.87 ,$440.95 ,$149.31 ,$27.47 ,$56.98 ,$585.01 ,$174.02 ,$115.08 ,$247.81 ,$148.97 ,$213 
$12.34 ,$113.56 ,$69.67 ,$87.35 ,$142.15 ,$169.48 ,$229.10 ,$57.88 ,$310.36 ,$120.53 ,$429.04 ,$146.98 ,$27.09 ,$56.34 ,$581.45 ,$174.20 ,$112.58 ,$242.71 ,$147.06 ,$209.67 
$12.47 ,$115.61 ,$69.88 ,$88.99 ,$143.30 ,$169.62 ,$231.44 ,$58.92 ,$308.30 ,$123.61 ,$434.09 ,$146.73 ,$28.31 ,$56.97 ,$590.99 ,$179.45 ,$115.25 ,$248.16 ,$151.74 ,$211.17 
$12.55 ,$117.76 ,$71.24 ,$89.83 ,$142.21 ,$170.22 ,$224.71 ,$58.37 ,$313.20 ,$124.65 ,$431.48 ,$148.69 ,$28.76 ,$57.47 ,$598.58 ,$187.79 ,$113.55 ,$248 ,$147.30 ,$212.73 
$12.45 ,$113.21 ,$70.76 ,$89.64 ,$142.34 ,$171.93 ,$224.90 ,$55.02 ,$313.59 ,$120.37 ,$392.48 ,$148.07 ,$27.86 ,$56.25 ,$585.68 ,$179.08 ,$112.93 ,$240.61 ,$141.50 ,$212.68 
$12.35 ,$113.81 ,$69.76 ,$89.70 ,$143.02 ,$170.69 ,$223.89 ,$55.47 ,$308.99 ,$118.81 ,$393.80 ,$145.81 ,$27.85 ,$55.47 ,$585.03 ,$180.83 ,$115 ,$242.04 ,$143.14 ,$211.98 
$12.42 ,$112.76 ,$69.38 ,$88.97 ,$142.64 ,$169.12 ,$224.18 ,$55.39 ,$308.17 ,$120.13 ,$392.03 ,$144.37 ,$28.10 ,$55.86 ,$581.63 ,$180.66 ,$122.62 ,$242.58 ,$143.27 ,$209.97 
$12.43 ,$113.35 ,$69.46 ,$87.25 ,$140.54 ,$169.88 ,$224.31 ,$54.57 ,$308.36 ,$121.80 ,$383.67 ,$145.12 ,$27.88 ,$57.35 ,$570.78 ,$180.90 ,$120.65 ,$240.22 ,$139.37 ,$206.76 
$12.33 ,$111.32 ,$68.88 ,$85.94 ,$138.83 ,$169.63 ,$220.41 ,$54.37 ,$310.66 ,$119.64 ,$373.33 ,$145.14 ,$27.39 ,$57.38 ,$563.22 ,$179 ,$118.43 ,$231.93 ,$136.15 ,$207.09 
$12.13 ,$110.61 ,$68.06 ,$86.71 ,$140.84 ,$171.62 ,$219.46 ,$54.38 ,$308.36 ,$118.55 ,$386.01 ,$145.90 ,$26.88 ,$57.13 ,$574.29 ,$177.23 ,$122.75 ,$235.81 ,$133.02 ,$209.41 
$12.24 ,$112.93 ,$67.76 ,$88.60 ,$144.41 ,$176.06 ,$223 ,$54.45 ,$315 ,$120.24 ,$388.87 ,$146.98 ,$26.80 ,$58.46 ,$579.24 ,$180.49 ,$126.60 ,$240.35 ,$135.36 ,$211.41 
$12.36 ,$113.15 ,$69.28 ,$89.20 ,$145.29 ,$175.24 ,$223.06 ,$54.97 ,$314.21 ,$121.47 ,$392.24 ,$149.68 ,$27.08 ,$58.28 ,$579 ,$177.56 ,$129.51 ,$239.23 ,$136.98 ,$214.13 
$12.30 ,$113.22 ,$68.99 ,$88.78 ,$144.81 ,$175.78 ,$223.62 ,$53.50 ,$310.22 ,$120.16 ,$391.77 ,$149.91 ,$27.38 ,$58 ,$581.94 ,$177.08 ,$129.35 ,$238.51 ,$136.71 ,$214.32 
$11.96 ,$111.37 ,$67.30 ,$88.60 ,$146.13 ,$178.05 ,$222.10 ,$53.24 ,$309.23 ,$118.24 ,$383.97 ,$148.80 ,$27.05 ,$56.32 ,$578.14 ,$175.20 ,$129.12 ,$235.77 ,$132.89 ,$208.03 
$11.90 ,$110.09 ,$66.78 ,$86.50 ,$144.86 ,$177.85 ,$221.09 ,$53.80 ,$303.79 ,$118.08 ,$381.47 ,$149.56 ,$27.01 ,$55.96 ,$574.93 ,$176.04 ,$128.13 ,$228.85 ,$132.99 ,$206.69 
$12.34 ,$108.47 ,$65.62 ,$86.42 ,$144.95 ,$179.33 ,$218.60 ,$52.78 ,$303.04 ,$117.36 ,$376 ,$148.77 ,$27.03 ,$55.64 ,$576.89 ,$175.18 ,$126.79 ,$227.12 ,$129.47 ,$208.57 
$12.12 ,$110.53 ,$66.04 ,$85.66 ,$146.78 ,$181.10 ,$217.75 ,$51.57 ,$302.68 ,$118.23 ,$377.34 ,$148.57 ,$26.60 ,$54.50 ,$588.43 ,$176.56 ,$126.72 ,$224.93 ,$130.02 ,$213 
$11.78 ,$109.21 ,$63.33 ,$84.31 ,$143.27 ,$177.10 ,$211.11 ,$51.53 ,$304.19 ,$116.77 ,$364.09 ,$144.48 ,$25.87 ,$52.67 ,$555.02 ,$175.24 ,$122.96 ,$222.31 ,$126.94 ,$204.99 
$11.87 ,$106.82 ,$62.77 ,$84.48 ,$143.76 ,$178.97 ,$212.61 ,$51.89 ,$310.30 ,$113.34 ,$366.01 ,$139.96 ,$25.32 ,$51.70 ,$560.24 ,$172.14 ,$125.15 ,$229.10 ,$127.37 ,$203.64 
$11.60 ,$106.51 ,$61.40 ,$83.72 ,$143.60 ,$179.41 ,$207.39 ,$49.33 ,$321.48 ,$113.12 ,$356.71 ,$139.04 ,$25.64 ,$51.50 ,$553.48 ,$173.99 ,$122.47 ,$239.58 ,$124.74 ,$195.39 
$11.64 ,$110.30 ,$62.05 ,$81.74 ,$141.79 ,$180.66 ,$207.76 ,$48.07 ,$331.34 ,$118 ,$355.42 ,$140 ,$27.07 ,$53.46 ,$559.13 ,$179.49 ,$119.92 ,$239.82 ,$120.34 ,$190.49 
$11.51 ,$109.20 ,$62.24 ,$81.40 ,$142.15 ,$181.98 ,$208.06 ,$47.08 ,$330.72 ,$116.39 ,$356.21 ,$139.40 ,$26.78 ,$52.91 ,$557.81 ,$178.32 ,$120.57 ,$241.01 ,$120.26 ,$188.91 
$11.54 ,$108.38 ,$61.74 ,$80.33 ,$141.29 ,$181.75 ,$204.99 ,$46.18 ,$331.85 ,$115.31 ,$351.88 ,$138.98 ,$26.58 ,$52.60 ,$544.89 ,$176.98 ,$118.29 ,$234.53 ,$115.62 ,$188.38 
$11.80 ,$110.19 ,$62.74 ,$80.98 ,$143.81 ,$183.07 ,$206.29 ,$48.46 ,$334.10 ,$118.47 ,$358.68 ,$140.99 ,$27.65 ,$53.50 ,$553.54 ,$179.63 ,$120.22 ,$236.96 ,$116.88 ,$189.40 
$11.79 ,$108.68 ,$62.05 ,$80.85 ,$143.77 ,$182.26 ,$205.83 ,$46.52 ,$334.31 ,$117.05 ,$355.22 ,$140.02 ,$27.44 ,$52.99 ,$552.43 ,$177.40 ,$120.14 ,$238.73 ,$118.04 ,$189.06 
$11.67 ,$105.88 ,$61.41 ,$80.49 ,$143.48 ,$181.09 ,$205.06 ,$46.52 ,$333.28 ,$112.90 ,$350.88 ,$139.53 ,$26.70 ,$51.39 ,$553.09 ,$172.08 ,$121.59 ,$238.19 ,$117.12 ,$188.25 
$11.95 ,$108.06 ,$62.66 ,$81.50 ,$145.18 ,$182.50 ,$206.81 ,$46.89 ,$333.16 ,$116.28 ,$359.83 ,$141.47 ,$27.74 ,$53.31 ,$561.23 ,$174.70 ,$123.46 ,$244.43 ,$119.76 ,$196 
$11.93 ,$106.69 ,$61.54 ,$80.94 ,$144.05 ,$181.23 ,$205.36 ,$46.38 ,$329.54 ,$112.65 ,$350.61 ,$140.34 ,$27.15 ,$51.76 ,$544.02 ,$172.67 ,$120.81 ,$241.80 ,$117.09 ,$188.29 
$11.84 ,$105.17 ,$60.82 ,$80.50 ,$142.80 ,$181.34 ,$204.82 ,$46.36 ,$330.78 ,$110.44 ,$351.25 ,$141.62 ,$27.03 ,$49.83 ,$549.63 ,$169.88 ,$122.13 ,$240.45 ,$114.48 ,$185.68 
$12.02 ,$104.70 ,$61.18 ,$79.58 ,$142.75 ,$180.34 ,$206.89 ,$47.49 ,$327.29 ,$110.44 ,$353.51 ,$142.36 ,$27.33 ,$49.38 ,$555.91 ,$168.72 ,$121.69 ,$244.69 ,$119.43 ,$184.70 
$11.81 ,$105.44 ,$61.67 ,$80.07 ,$145.36 ,$180.25 ,$207.91 ,$48.65 ,$331.45 ,$112.55 ,$357.43 ,$140.20 ,$27.86 ,$50.11 ,$558 ,$171.04 ,$122.38 ,$249.01 ,$116.15 ,$183.72 
$12.36 ,$106.46 ,$62.41 ,$81.82 ,$146.67 ,$183.36 ,$213.32 ,$48.75 ,$334.68 ,$112.87 ,$368.14 ,$142.36 ,$27.47 ,$50.43 ,$574.44 ,$172.33 ,$126.09 ,$257.22 ,$121.59 ,$188.25 
$12.29 ,$107.25 ,$63.36 ,$80.56 ,$147.49 ,$183.87 ,$213.04 ,$48.67 ,$330.25 ,$113.41 ,$367.02 ,$140.58 ,$27.68 ,$51.05 ,$571.04 ,$173.53 ,$127.29 ,$256.92 ,$120.15 ,$187.13 
$12.33 ,$106.09 ,$63.09 ,$81.28 ,$148.02 ,$183.97 ,$214.59 ,$48.36 ,$339.30 ,$111.78 ,$360.45 ,$142.40 ,$27.18 ,$49.10 ,$556.63 ,$169.75 ,$126.85 ,$252.51 ,$114.71 ,$186.27 
$12.12 ,$103.54 ,$63.98 ,$79.86 ,$145.31 ,$183.10 ,$208.70 ,$47.31 ,$332.12 ,$110.02 ,$352.63 ,$141.57 ,$26.17 ,$46.97 ,$544.72 ,$168 ,$125.76 ,$245.42 ,$115.90 ,$179.54 
$12.14 ,$104.42 ,$63.47 ,$80.07 ,$148.78 ,$183.78 ,$209.10 ,$48.31 ,$333.50 ,$112.60 ,$361.64 ,$143.81 ,$26.84 ,$49.92 ,$531.08 ,$173.54 ,$126 ,$247.40 ,$115.33 ,$179.08 
$13.57 ,$103.65 ,$62.45 ,$78.78 ,$149.11 ,$182.18 ,$207.81 ,$47.13 ,$332.19 ,$114.88 ,$351.52 ,$148.79 ,$27.41 ,$49.80 ,$518.50 ,$172.52 ,$126.35 ,$244.37 ,$113.93 ,$176.50 
$13.55 ,$103.88 ,$62.74 ,$78.91 ,$149.89 ,$181.63 ,$209.08 ,$46.80 ,$329.64 ,$115.61 ,$347.29 ,$149.39 ,$27.45 ,$50.88 ,$525.82 ,$172.01 ,$124.58 ,$245.12 ,$114.12 ,$178.43 
$13.71 ,$106.85 ,$62.48 ,$79.43 ,$151.65 ,$183.12 ,$213.68 ,$47.70 ,$327.39 ,$119.37 ,$345.67 ,$150.62 ,$28.52 ,$51.38 ,$530.64 ,$176.56 ,$124.63 ,$250.20 ,$122.43 ,$185.10 
$13.78 ,$109.86 ,$63.43 ,$83.35 ,$153.22 ,$185.69 ,$217.66 ,$47.96 ,$327.20 ,$122.18 ,$356.57 ,$152.41 ,$29.74 ,$52.79 ,$540.80 ,$181.03 ,$126.99 ,$255.02 ,$123.49 ,$182.87 
$13.64 ,$110.80 ,$63.02 ,$84.11 ,$153.37 ,$185.90 ,$217 ,$46.89 ,$323.45 ,$123.06 ,$356.42 ,$151.81 ,$30.09 ,$51.76 ,$550.75 ,$182.49 ,$125.99 ,$254.69 ,$120.44 ,$175.78 
$13.80 ,$111.34 ,$62.80 ,$83.03 ,$152.42 ,$185.51 ,$217 ,$46.84 ,$328.89 ,$123.51 ,$353.03 ,$151.46 ,$30.63 ,$51.55 ,$551.03 ,$183.31 ,$125.97 ,$255.14 ,$118.10 ,$178.88 
$14 ,$110.54 ,$60.81 ,$80.85 ,$152.97 ,$182.59 ,$209.06 ,$44.66 ,$320.70 ,$124.25 ,$342.73 ,$148.62 ,$30.35 ,$51.05 ,$521.39 ,$181.03 ,$126.13 ,$240.33 ,$109.46 ,$175.32 
$13.78 ,$109.81 ,$58.98 ,$81.39 ,$153.51 ,$183.89 ,$211.26 ,$43.65 ,$319.51 ,$123.84 ,$347.59 ,$149.90 ,$29.81 ,$49.88 ,$522.21 ,$178.36 ,$124.64 ,$241.76 ,$108.78 ,$171.83 
$14.10 ,$113.21 ,$59.68 ,$82.72 ,$153.07 ,$184.11 ,$213.79 ,$43.17 ,$323.90 ,$126.81 ,$359.03 ,$151.05 ,$30.38 ,$50.83 ,$529.91 ,$183.70 ,$129.04 ,$247.49 ,$111.41 ,$178.36 
$14.05 ,$113.61 ,$60.04 ,$82.56 ,$152.42 ,$185.08 ,$211.73 ,$43.06 ,$319.84 ,$126.74 ,$358.44 ,$150.12 ,$30.65 ,$51.42 ,$533.64 ,$184.24 ,$128 ,$247.58 ,$112.24 ,$174.85 
$13.92 ,$114.18 ,$58.75 ,$82.12 ,$151.69 ,$184.84 ,$210.33 ,$42.69 ,$319.35 ,$129.98 ,$356.24 ,$151.60 ,$31.19 ,$53.64 ,$530.05 ,$185.89 ,$128.60 ,$245.03 ,$111.44 ,$172.50 
$13.53 ,$110.97 ,$57.24 ,$79.82 ,$151.15 ,$184.82 ,$206.32 ,$42.37 ,$315.29 ,$125.49 ,$349.09 ,$149.88 ,$30.04 ,$52.27 ,$517.44 ,$181.24 ,$127.63 ,$242.05 ,$109.86 ,$172.94 
$13.46 ,$112.08 ,$58.74 ,$79.73 ,$150.23 ,$181.33 ,$210.80 ,$43.62 ,$319.21 ,$128.59 ,$345.70 ,$148.83 ,$30.80 ,$53.44 ,$515.16 ,$182.99 ,$126.76 ,$241.22 ,$112.05 ,$173.89 
$13.56 ,$113.06 ,$58.60 ,$79.20 ,$148 ,$180.03 ,$210.99 ,$44.28 ,$312.10 ,$131.19 ,$347.42 ,$147.77 ,$31.30 ,$52.83 ,$512.11 ,$184.09 ,$127.15 ,$241.68 ,$111.45 ,$172.78 
$13.65 ,$112.91 ,$58.68 ,$79.89 ,$148.50 ,$178.33 ,$210.14 ,$43.91 ,$306.69 ,$129.24 ,$347.20 ,$144.88 ,$31.45 ,$52.99 ,$511.73 ,$184.99 ,$128.74 ,$241.73 ,$113.23 ,$172.69 
$13.85 ,$114.13 ,$59.69 ,$79.18 ,$147.44 ,$177.19 ,$209.99 ,$43.93 ,$305.17 ,$134.09 ,$354.89 ,$145 ,$32.94 ,$54.67 ,$524.42 ,$188.05 ,$131.22 ,$241.97 ,$117.08 ,$175.35 
$13.86 ,$113.37 ,$58.39 ,$78.53 ,$138.39 ,$176.73 ,$206.86 ,$43 ,$306.85 ,$133.03 ,$358.11 ,$145.46 ,$32.50 ,$54.07 ,$513.22 ,$186.55 ,$131.03 ,$241.55 ,$114.22 ,$173.55 
$13.92 ,$113.95 ,$58.05 ,$77.74 ,$142.58 ,$178.05 ,$205 ,$43.32 ,$303.82 ,$133.96 ,$349.31 ,$146.19 ,$32.88 ,$54.82 ,$518.09 ,$186.46 ,$132.98 ,$247.11 ,$113.02 ,$177.49 
$13.89 ,$110.50 ,$54.44 ,$77.17 ,$142.36 ,$181.70 ,$205.57 ,$41.05 ,$323.34 ,$129.46 ,$344.91 ,$150.45 ,$31.60 ,$53.10 ,$506.57 ,$181.30 ,$129.15 ,$242.98 ,$111.87 ,$177.58 
$13.23 ,$108.90 ,$52.10 ,$75.66 ,$139.47 ,$178.55 ,$193.93 ,$39.95 ,$324.99 ,$125.26 ,$317.68 ,$148.64 ,$30.63 ,$53.07 ,$469.47 ,$177.93 ,$123.83 ,$224.51 ,$101.47 ,$168.74 
$13.53 ,$114 ,$53.35 ,$75.64 ,$142.79 ,$180.71 ,$201.78 ,$40.66 ,$327.74 ,$134.44 ,$327.83 ,$149.90 ,$32.73 ,$54.69 ,$482.11 ,$185.34 ,$125.35 ,$228.87 ,$96.47 ,$169.62 
$13.64 ,$113.64 ,$52.79 ,$76.74 ,$142.45 ,$180.21 ,$200.10 ,$40.70 ,$324.37 ,$134.94 ,$322.99 ,$149.78 ,$33.03 ,$54.81 ,$475.22 ,$185.61 ,$124.68 ,$227.87 ,$96.72 ,$164.91 
$13.37 ,$112.31 ,$53.04 ,$76 ,$140.97 ,$178.78 ,$196.98 ,$40.24 ,$322.13 ,$132.32 ,$323.87 ,$148.83 ,$32.03 ,$53.10 ,$465.30 ,$183.42 ,$124.84 ,$221.39 ,$90.79 ,$160.01 
$12.81 ,$111.10 ,$48.33 ,$75.03 ,$140.72 ,$177.78 ,$194.75 ,$37.85 ,$324.24 ,$133.82 ,$316.33 ,$148.17 ,$31.42 ,$51.80 ,$444.12 ,$181.13 ,$122.85 ,$214.25 ,$88.91 ,$156.75 
$12.73 ,$109.61 ,$48.07 ,$75.12 ,$140.75 ,$178.24 ,$200.95 ,$38.18 ,$320.86 ,$126.51 ,$309.45 ,$150.02 ,$29.76 ,$51.14 ,$456.03 ,$178.50 ,$122.86 ,$220.10 ,$90.54 ,$147.41 
$12.90 ,$111.91 ,$49.60 ,$77.11 ,$141.69 ,$180.76 ,$206.93 ,$38.64 ,$325.12 ,$127.78 ,$321.20 ,$152.28 ,$30.93 ,$51.55 ,$467.90 ,$182.22 ,$125.30 ,$228.17 ,$95.20 ,$143.38 
$13.42 ,$110.81 ,$47.82 ,$78.07 ,$142.33 ,$181.58 ,$207.16 ,$38.01 ,$323.06 ,$126.09 ,$315.71 ,$151.56 ,$30.45 ,$52.03 ,$470.12 ,$180.90 ,$125.79 ,$232.13 ,$93.16 ,$142.51 
$13.90 ,$110.70 ,$47.53 ,$77.36 ,$142.51 ,$182.23 ,$209.34 ,$37.09 ,$324.76 ,$127.17 ,$309.59 ,$151 ,$30.16 ,$50.45 ,$472.90 ,$179.98 ,$126.60 ,$235.87 ,$99.20 ,$143.84 
$14.61 ,$107.55 ,$49.90 ,$75.15 ,$140.73 ,$178.88 ,$204.29 ,$35.05 ,$316.58 ,$126.64 ,$298.57 ,$140.63 ,$30.52 ,$51.68 ,$455.40 ,$177.90 ,$122.80 ,$226.75 ,$97.94 ,$139.76 
$14.59 ,$107.14 ,$51.06 ,$74.82 ,$141.14 ,$179.07 ,$203.33 ,$35.47 ,$314.95 ,$126.57 ,$296.23 ,$140.84 ,$30.18 ,$52.18 ,$461.18 ,$177.09 ,$122.70 ,$231.32 ,$129.82 ,$133.79 
$14.66 ,$105.88 ,$49.67 ,$73.14 ,$140.07 ,$178.27 ,$194.38 ,$34.77 ,$310.92 ,$123.94 ,$294.94 ,$140.63 ,$29.65 ,$52.47 ,$460.07 ,$174.93 ,$118.50 ,$250.66 ,$137.51 ,$146.65 
$14.60 ,$106.60 ,$49.01 ,$72.92 ,$139.41 ,$177.68 ,$190.71 ,$35.05 ,$306.95 ,$125.14 ,$290.73 ,$139.32 ,$29.47 ,$52.15 ,$456.52 ,$173.13 ,$118.38 ,$247.25 ,$129.72 ,$142.05 
$14.30 ,$105.86 ,$50.26 ,$72.70 ,$136.80 ,$173.06 ,$190.37 ,$39.07 ,$301.34 ,$124.49 ,$284.68 ,$136.46 ,$29.15 ,$50.41 ,$449.73 ,$173.19 ,$116.81 ,$242.12 ,$130.01 ,$141.32 
$13.69 ,$103.93 ,$48.25 ,$69.25 ,$134.09 ,$171.46 ,$187.22 ,$37.59 ,$294.31 ,$121.81 ,$275.38 ,$136.02 ,$28.23 ,$45.69 ,$430.30 ,$168.96 ,$113.11 ,$236.15 ,$131.53 ,$139.13 
$13.62 ,$103.79 ,$48.57 ,$66.30 ,$133.76 ,$173.36 ,$186.41 ,$35.60 ,$293.08 ,$121.11 ,$286.85 ,$135.74 ,$28.35 ,$45.47 ,$435.30 ,$168 ,$114.20 ,$236.48 ,$133.23 ,$138.39 
$14.36 ,$100.80 ,$49.29 ,$67.03 ,$134.14 ,$175.06 ,$187.17 ,$35.85 ,$293.74 ,$117.89 ,$295.37 ,$136.16 ,$27.56 ,$43.36 ,$434.83 ,$162.72 ,$115.95 ,$238.50 ,$132.80 ,$137.34 
$14.30 ,$100.62 ,$49.81 ,$67.02 ,$131.37 ,$172.73 ,$185.25 ,$35.69 ,$289.92 ,$118.36 ,$287.84 ,$133.84 ,$27.14 ,$42.86 ,$435.37 ,$161.31 ,$113.86 ,$237.53 ,$134.04 ,$136.09 
$14.33 ,$99.19 ,$48.31 ,$64.31 ,$130.43 ,$170.19 ,$182.62 ,$35.22 ,$295.30 ,$117.96 ,$277 ,$131.52 ,$27.05 ,$42.16 ,$427.10 ,$160.14 ,$113.63 ,$228.56 ,$126.76 ,$133.15 
$14.38 ,$101.87 ,$50.24 ,$65.20 ,$132.28 ,$174.61 ,$184.66 ,$35.75 ,$297.64 ,$122.74 ,$283.35 ,$133.08 ,$28.33 ,$44.19 ,$437.97 ,$165.28 ,$114.26 ,$234.24 ,$130.29 ,$132.40 
$14.03 ,$98.43 ,$49.14 ,$63.78 ,$131.17 ,$169.39 ,$178.24 ,$36.50 ,$288.36 ,$116.30 ,$276.58 ,$132.94 ,$27.44 ,$42.02 ,$430.57 ,$157.64 ,$108.95 ,$225.75 ,$127.50 ,$130.42 
$13.83 ,$98 ,$50.13 ,$62.41 ,$132.67 ,$162.59 ,$179.14 ,$36.36 ,$290.95 ,$115.58 ,$277.76 ,$137.15 ,$27.04 ,$41.76 ,$430.76 ,$157.17 ,$108.84 ,$225.41 ,$128.54 ,$131.57 
$13.71 ,$98.84 ,$51.22 ,$62.57 ,$129.32 ,$161.82 ,$182.18 ,$39.29 ,$285.73 ,$116.80 ,$282.02 ,$137.73 ,$27.52 ,$42.13 ,$437.70 ,$157.14 ,$108.46 ,$229.25 ,$133.79 ,$131.90 
$13.56 ,$101.03 ,$51.18 ,$63.29 ,$128.56 ,$161.61 ,$183.83 ,$42.50 ,$288.38 ,$118.51 ,$284.52 ,$137.59 ,$27.94 ,$42.59 ,$460.48 ,$160.03 ,$107.52 ,$234.24 ,$133.45 ,$129.79 
$13.65 ,$102.06 ,$51.57 ,$65.30 ,$131.68 ,$162.80 ,$185.59 ,$43.07 ,$293.08 ,$117.65 ,$293.58 ,$139.42 ,$28.25 ,$42.49 ,$479.50 ,$161.42 ,$111.12 ,$246.79 ,$139.07 ,$132.20 
$13.49 ,$99.12 ,$52.59 ,$66.64 ,$132.92 ,$166 ,$187.67 ,$42.62 ,$294.03 ,$115.93 ,$293.88 ,$141.23 ,$27.19 ,$41.57 ,$484.80 ,$158.53 ,$115.17 ,$249.20 ,$138.98 ,$132.11 
$13.41 ,$95.27 ,$53.23 ,$65.69 ,$134.25 ,$167.11 ,$185.65 ,$42 ,$293.02 ,$115.62 ,$294.26 ,$142.54 ,$26.50 ,$39.12 ,$479.86 ,$157.63 ,$115.62 ,$248.88 ,$140.28 ,$133.51 
$12.91 ,$91.92 ,$51.66 ,$63.08 ,$132.53 ,$165.25 ,$181.65 ,$38.60 ,$287.22 ,$109.97 ,$281.61 ,$138.90 ,$24.97 ,$38.30 ,$456.78 ,$151.73 ,$113.22 ,$240.74 ,$138.61 ,$126.05 
$12.30 ,$87.31 ,$50.04 ,$61.07 ,$129.70 ,$163.26 ,$177.65 ,$37.52 ,$277.47 ,$102.34 ,$270.12 ,$134.17 ,$22.58 ,$35.90 ,$444.01 ,$143.67 ,$110.50 ,$232.90 ,$135.68 ,$121.08 
$12.32 ,$88.68 ,$50.42 ,$61.40 ,$132.25 ,$166.61 ,$180.06 ,$38.53 ,$280.56 ,$103.66 ,$270.15 ,$134.64 ,$22.80 ,$35.97 ,$450.13 ,$144.77 ,$112.30 ,$237.50 ,$136.41 ,$125.33 
$12.20 ,$88.86 ,$50.13 ,$63.07 ,$133.11 ,$168.67 ,$179.18 ,$39.71 ,$282.55 ,$103 ,$277.02 ,$135.52 ,$22.67 ,$35.44 ,$465.96 ,$145.78 ,$114.28 ,$241.07 ,$141.61 ,$133.44 
$11.95 ,$85.74 ,$48.50 ,$62.42 ,$130.95 ,$166.01 ,$177.87 ,$39.72 ,$277.62 ,$98.76 ,$264.45 ,$132.68 ,$21.39 ,$33.98 ,$464.75 ,$141.02 ,$112.41 ,$236.41 ,$134.40 ,$127.51 
$11.76 ,$83.98 ,$47.47 ,$63.45 ,$131.31 ,$168.45 ,$180.59 ,$39.66 ,$276.80 ,$99.20 ,$260.01 ,$132.32 ,$21.09 ,$33.86 ,$462.26 ,$140.96 ,$113 ,$237.45 ,$136.37 ,$127.34 
$11.94 ,$85.75 ,$48.87 ,$64.55 ,$130.06 ,$168.52 ,$183.96 ,$35.47 ,$277.77 ,$100.59 ,$263.37 ,$132.33 ,$21.90 ,$35 ,$468.68 ,$144.77 ,$112.99 ,$237.92 ,$140.41 ,$131.26 
$12.38 ,$90.57 ,$51.21 ,$66.03 ,$133.39 ,$168.60 ,$185.79 ,$35.29 ,$282.90 ,$110.06 ,$273.27 ,$135.05 ,$24.59 ,$38.23 ,$477.61 ,$154.89 ,$114.14 ,$240.98 ,$142.82 ,$138.71 
$12.38 ,$90.95 ,$50.01 ,$66.75 ,$134.77 ,$168.44 ,$187.02 ,$36.62 ,$284.95 ,$111.09 ,$282.87 ,$136.77 ,$25.18 ,$37.58 ,$482.14 ,$155.01 ,$114.81 ,$238.95 ,$142.12 ,$143.29 
$12.66 ,$92.44 ,$51.45 ,$68.11 ,$133.55 ,$168.92 ,$192.07 ,$39.28 ,$288.08 ,$112.07 ,$289.76 ,$139.64 ,$25.76 ,$38.50 ,$493.06 ,$156.28 ,$116.52 ,$242.45 ,$146.09 ,$145.94 
$13.34 ,$93.20 ,$51.89 ,$69.07 ,$134.33 ,$168.73 ,$193.13 ,$38.82 ,$289.32 ,$112.87 ,$295.42 ,$140.71 ,$25.93 ,$38.97 ,$501.84 ,$156.90 ,$116.64 ,$244.52 ,$148.02 ,$144.88 
$13.45 ,$93.21 ,$50.95 ,$68.83 ,$133.19 ,$166.97 ,$193.30 ,$38.64 ,$290.35 ,$113.13 ,$286.04 ,$139.95 ,$26.22 ,$38.37 ,$502.50 ,$156.45 ,$116.61 ,$244.74 ,$146.29 ,$144.29 
$13.31 ,$94.83 ,$51.68 ,$70.24 ,$133.47 ,$165.88 ,$195.37 ,$39.69 ,$289.96 ,$115.56 ,$288.71 ,$141.02 ,$26.80 ,$39.63 ,$500.14 ,$160.62 ,$116.42 ,$245.38 ,$149.55 ,$149.78 
$13.64 ,$97.67 ,$52.02 ,$72.12 ,$134.92 ,$168.68 ,$199.41 ,$38.15 ,$284.08 ,$117.71 ,$290 ,$141.93 ,$27.36 ,$40.24 ,$510.75 ,$163.27 ,$117.53 ,$252.22 ,$151.47 ,$149.26 
$13.73 ,$95.33 ,$52.18 ,$76.04 ,$135.22 ,$167.41 ,$199.67 ,$37.84 ,$286.82 ,$112.33 ,$294.67 ,$137.74 ,$26.49 ,$38.47 ,$503.65 ,$159.41 ,$120.47 ,$251.99 ,$153.13 ,$147.31 
$14.47 ,$97.61 ,$54.54 ,$77.08 ,$138.07 ,$173.90 ,$206.63 ,$38.75 ,$294.15 ,$114.39 ,$313.40 ,$145.15 ,$27.20 ,$40.15 ,$529.06 ,$162.50 ,$124.25 ,$266.65 ,$168.96 ,$158.72 
$14.26 ,$96.50 ,$53.34 ,$75.91 ,$136.84 ,$173.22 ,$205.20 ,$38.17 ,$292.84 ,$111.97 ,$311.14 ,$145.70 ,$26.35 ,$39.65 ,$522.40 ,$159.97 ,$123.10 ,$264.46 ,$169.15 ,$157.52 
$14.07 ,$94.91 ,$50.39 ,$74.65 ,$136.43 ,$172.67 ,$200.71 ,$37.65 ,$290.71 ,$108.32 ,$304.93 ,$145.37 ,$25.61 ,$38.17 ,$511.93 ,$155.95 ,$119.27 ,$258.52 ,$162.06 ,$157.79 
$16.07 ,$94.14 ,$49 ,$74.49 ,$135.74 ,$173.25 ,$200.42 ,$36.40 ,$290 ,$106.76 ,$297.11 ,$145.50 ,$24.92 ,$37.06 ,$505.13 ,$155.11 ,$120.55 ,$258.09 ,$160.39 ,$155.95 
$16.34 ,$94.95 ,$49.85 ,$73.83 ,$132.34 ,$169.51 ,$198.64 ,$35.45 ,$285.25 ,$108.63 ,$292.08 ,$141.91 ,$25.52 ,$37.36 ,$498.20 ,$157.12 ,$116.60 ,$253.25 ,$158.54 ,$152.39 
$16.14 ,$95.59 ,$50.21 ,$74.68 ,$133 ,$170.66 ,$197.76 ,$36.21 ,$287.70 ,$110.26 ,$289.71 ,$141.98 ,$25.71 ,$38.07 ,$500.22 ,$157.85 ,$121.65 ,$256.06 ,$160.32 ,$151.82 
$16.45 ,$93.87 ,$49.88 ,$75.30 ,$134.48 ,$172.85 ,$200.13 ,$36.70 ,$288.04 ,$107.53 ,$288.69 ,$143.92 ,$24.92 ,$36.85 ,$492.01 ,$155.54 ,$125.63 ,$260.40 ,$165.36 ,$153.66 
$16.22 ,$95.59 ,$54.89 ,$74.15 ,$132.55 ,$172.27 ,$198.71 ,$37.63 ,$283.45 ,$109.45 ,$292.04 ,$143.96 ,$25.59 ,$38.15 ,$499.11 ,$158.06 ,$124.35 ,$261.47 ,$162.93 ,$160.25 
$15.81 ,$96.31 ,$55.40 ,$74.14 ,$132.48 ,$172.99 ,$201.38 ,$36.65 ,$285.07 ,$110.50 ,$292.92 ,$145.52 ,$25.58 ,$38.68 ,$506.39 ,$160.62 ,$124.86 ,$262.97 ,$157.16 ,$162.21 
$15.86 ,$100.12 ,$57.86 ,$74.19 ,$132.88 ,$174.49 ,$202.33 ,$37.89 ,$287.19 ,$113.42 ,$301.23 ,$144.89 ,$26.79 ,$40.38 ,$514.18 ,$164.63 ,$126.44 ,$265.23 ,$159.17 ,$165.42 
$16.25 ,$97.87 ,$58.88 ,$74.65 ,$131.60 ,$175.04 ,$202.89 ,$37.93 ,$284.87 ,$112.12 ,$306.42 ,$143.02 ,$26.16 ,$39.42 ,$520.86 ,$163.41 ,$129.14 ,$268.09 ,$161.78 ,$164.53 
$16.68 ,$99.09 ,$59.93 ,$76.89 ,$135.87 ,$179.27 ,$209.82 ,$39.07 ,$291.85 ,$112.08 ,$319.57 ,$147.07 ,$26.37 ,$40.17 ,$550.13 ,$164.62 ,$142.76 ,$278.85 ,$168.78 ,$169.38 
$16.04 ,$98.58 ,$58.15 ,$76.17 ,$134.97 ,$179.26 ,$206.67 ,$37.87 ,$288.76 ,$110.52 ,$308 ,$145.33 ,$26.29 ,$39.91 ,$530.84 ,$163.19 ,$141.04 ,$275.79 ,$163.26 ,$163.60 
$15.90 ,$98 ,$58.79 ,$76.41 ,$134 ,$178.37 ,$206.80 ,$36.88 ,$286.33 ,$108.45 ,$307.01 ,$143.86 ,$25.71 ,$39.36 ,$529.78 ,$161.99 ,$141.75 ,$276.44 ,$161.11 ,$160.07 
$15.68 ,$94.01 ,$57.31 ,$76.46 ,$134.57 ,$178.45 ,$208.61 ,$36.60 ,$291.50 ,$105.24 ,$307.55 ,$144.58 ,$24.65 ,$36.92 ,$528.75 ,$156.90 ,$141.59 ,$277.75 ,$163.05 ,$158.98 
$16.70 ,$94.08 ,$56.75 ,$78.66 ,$137.02 ,$180.17 ,$212.82 ,$37.63 ,$292.98 ,$105.14 ,$316.69 ,$146.37 ,$24.46 ,$37.12 ,$548.43 ,$157.69 ,$145.20 ,$286.15 ,$167.96 ,$162.92 
$16.86 ,$94.38 ,$57.13 ,$79.32 ,$139.07 ,$180.40 ,$215.25 ,$37.72 ,$290.89 ,$104.88 ,$323.23 ,$146.86 ,$24.60 ,$37.13 ,$558.45 ,$159.02 ,$146.68 ,$290.17 ,$174.66 ,$168.69 
$16.77 ,$92.20 ,$56.55 ,$79.25 ,$139.52 ,$180.22 ,$214.52 ,$37.45 ,$291.60 ,$101.36 ,$331.38 ,$145.55 ,$23.41 ,$35.40 ,$538.59 ,$157.70 ,$147.43 ,$291.32 ,$174.85 ,$167.20 
$17.05 ,$91.46 ,$57.97 ,$79.52 ,$139.37 ,$180.32 ,$217.14 ,$38.28 ,$290.61 ,$100.10 ,$339.31 ,$146.63 ,$23.05 ,$35.58 ,$551.65 ,$156.41 ,$150.26 ,$292.71 ,$179.47 ,$172.08 
$16.68 ,$92.32 ,$54.74 ,$79.11 ,$132.60 ,$179.28 ,$216.42 ,$38.69 ,$290.87 ,$100.77 ,$337.52 ,$146.69 ,$23.39 ,$35.76 ,$558.96 ,$156.81 ,$151.43 ,$293.47 ,$180.89 ,$170.47 
$17.29 ,$94 ,$55.76 ,$79.15 ,$132.22 ,$177.33 ,$211.33 ,$38.67 ,$290.92 ,$102.75 ,$336.55 ,$146.46 ,$24.06 ,$37.14 ,$558.23 ,$159.85 ,$152.24 ,$291.91 ,$180.50 ,$169.99 
$16.26 ,$93.19 ,$55.35 ,$77.16 ,$129.82 ,$175.04 ,$211.08 ,$37.69 ,$286 ,$100.36 ,$332.22 ,$143.61 ,$23.91 ,$36.89 ,$545.43 ,$159.62 ,$149.66 ,$287.02 ,$177.49 ,$167.88 
$15.93 ,$91.45 ,$54.93 ,$77.54 ,$129.14 ,$175.94 ,$212.10 ,$36.65 ,$287.07 ,$95.98 ,$327.95 ,$144.84 ,$22.34 ,$34.92 ,$550.41 ,$155.82 ,$149.38 ,$289.16 ,$178.34 ,$169.02 
$15.46 ,$90.59 ,$53.90 ,$76.77 ,$128.87 ,$174.50 ,$210.26 ,$36.90 ,$285.04 ,$95.51 ,$319.89 ,$145.58 ,$21.96 ,$34.99 ,$532.80 ,$155.41 ,$147.84 ,$282.30 ,$168.53 ,$164.85 
$15.27 ,$88.95 ,$54.38 ,$76.47 ,$127.61 ,$173.85 ,$213.32 ,$37.19 ,$281.77 ,$93.63 ,$322.14 ,$144.58 ,$21.83 ,$34.65 ,$545.53 ,$153.41 ,$148.48 ,$280.32 ,$170.25 ,$165.89 
$15.11 ,$88.45 ,$54.40 ,$77.35 ,$126.58 ,$174.55 ,$215.87 ,$38.37 ,$281.77 ,$92.85 ,$323.43 ,$144.56 ,$21.77 ,$34.66 ,$551.44 ,$153.64 ,$147.41 ,$282.91 ,$167.11 ,$165.04 
$14.97 ,$87.19 ,$53.13 ,$77.40 ,$125.57 ,$175.87 ,$213.47 ,$39.30 ,$280.10 ,$89.88 ,$319.21 ,$143.79 ,$21.47 ,$33.95 ,$552.80 ,$151.14 ,$148.12 ,$283.65 ,$170.57 ,$166.50 
$14.90 ,$91.02 ,$53.25 ,$77.37 ,$130.50 ,$176.83 ,$208.48 ,$38.96 ,$271.74 ,$91.32 ,$317.60 ,$143.70 ,$22.89 ,$35.54 ,$546.74 ,$155.36 ,$143.49 ,$282.47 ,$168.80 ,$166.64 
$15.10 ,$94.07 ,$53.02 ,$76.35 ,$132.68 ,$175.49 ,$206.26 ,$38.15 ,$271.44 ,$94.71 ,$314.10 ,$142.35 ,$23.88 ,$36.69 ,$531.21 ,$159.14 ,$141.75 ,$274.82 ,$160.19 ,$163.28 
$16.15 ,$94.48 ,$54.19 ,$77.44 ,$132.54 ,$176.95 ,$211.36 ,$37.77 ,$273.41 ,$95.10 ,$319.68 ,$143.79 ,$23.99 ,$36.40 ,$536.37 ,$160.51 ,$143.36 ,$278.01 ,$159.93 ,$169.07 
$15.96 ,$96.93 ,$55.04 ,$77.84 ,$132.05 ,$174.96 ,$212.11 ,$37.69 ,$275.36 ,$97.43 ,$322.67 ,$143.06 ,$24.80 ,$37.03 ,$535.48 ,$163.78 ,$143.24 ,$280.74 ,$159.10 ,$159.31 
$16.14 ,$92.64 ,$54.02 ,$77.04 ,$129.75 ,$174.84 ,$211.35 ,$38.52 ,$273.22 ,$94.06 ,$304.83 ,$141.70 ,$23.95 ,$35.71 ,$533.61 ,$150.39 ,$140.37 ,$276.41 ,$160.72 ,$159.09 
$15.96 ,$91.57 ,$53.44 ,$75.87 ,$126.59 ,$171.59 ,$210.47 ,$38.97 ,$274.73 ,$93.27 ,$287.23 ,$140.91 ,$23.88 ,$36.33 ,$527.79 ,$149.26 ,$138.86 ,$268.74 ,$169.58 ,$156.09 
$16.19 ,$89.63 ,$52.72 ,$74.03 ,$121.98 ,$171.83 ,$212.49 ,$38.22 ,$274.83 ,$91.09 ,$276.21 ,$133.91 ,$22.91 ,$35.60 ,$511.09 ,$147.32 ,$140.75 ,$251.90 ,$159.15 ,$155.92 
$16.21 ,$89.98 ,$52.82 ,$74.86 ,$132.02 ,$169.85 ,$214.27 ,$38.85 ,$272.63 ,$92.05 ,$277.83 ,$134.56 ,$23.18 ,$36.17 ,$513.11 ,$148.48 ,$134.12 ,$258.83 ,$166.65 ,$156.64 
$15.19 ,$87.08 ,$51.09 ,$74.90 ,$132.21 ,$169.61 ,$213.70 ,$38.99 ,$269.20 ,$88.13 ,$274.29 ,$132.48 ,$21.75 ,$35.07 ,$512.52 ,$144.19 ,$134.12 ,$260.36 ,$169.27 ,$158.16 
$15.44 ,$87.75 ,$50.76 ,$74.54 ,$132.55 ,$168.51 ,$216.19 ,$39.52 ,$266.35 ,$88.93 ,$279.79 ,$133.19 ,$22.16 ,$33.63 ,$517.68 ,$145.40 ,$133.95 ,$264.84 ,$183.17 ,$161.41 
$15.73 ,$89.24 ,$50.86 ,$72.59 ,$130.64 ,$168.26 ,$213.37 ,$37.08 ,$266.72 ,$90.71 ,$275.64 ,$137.45 ,$22.92 ,$34.14 ,$511.77 ,$146.52 ,$133.01 ,$262.27 ,$183.09 ,$158.38 
$14.57 ,$88.27 ,$50.87 ,$72.24 ,$129.56 ,$170.06 ,$213.66 ,$35.53 ,$274.60 ,$88.48 ,$270.51 ,$137.52 ,$22.52 ,$34.22 ,$509 ,$144.61 ,$132.13 ,$259.53 ,$175.78 ,$156.13 
$14 ,$86.10 ,$50.67 ,$70.21 ,$128.77 ,$168.26 ,$207.21 ,$34.65 ,$268.35 ,$85.07 ,$257.05 ,$134.47 ,$21.57 ,$33.13 ,$491.06 ,$139.58 ,$128.91 ,$254.25 ,$167.23 ,$147.72 
$13.93 ,$84.54 ,$49.27 ,$70.74 ,$129.07 ,$171.12 ,$210.04 ,$34.53 ,$274.11 ,$82.89 ,$251.84 ,$137.37 ,$20.85 ,$32.30 ,$494.46 ,$137.65 ,$130.13 ,$256.72 ,$164.70 ,$147.74 
$13.74 ,$83.14 ,$48.24 ,$69.45 ,$127.82 ,$170.98 ,$205.91 ,$34.25 ,$264.91 ,$81.61 ,$248.53 ,$135.66 ,$20.41 ,$31.33 ,$484.64 ,$135.94 ,$128.31 ,$254.08 ,$158.05 ,$147.15 
$13.90 ,$84.84 ,$50.29 ,$70.03 ,$125.37 ,$170.10 ,$204.15 ,$33.23 ,$273.75 ,$83.11 ,$251.05 ,$134.92 ,$20.74 ,$32.29 ,$481.73 ,$137.99 ,$128.37 ,$252.72 ,$163.49 ,$143.95 
$13.83 ,$84.50 ,$50.19 ,$70.41 ,$125.07 ,$169.50 ,$204.82 ,$33.25 ,$279.35 ,$83.45 ,$250.98 ,$134.44 ,$20.66 ,$32.73 ,$481.37 ,$138.92 ,$130.20 ,$253.67 ,$163.27 ,$147.15 
$13.86 ,$85.64 ,$51.12 ,$71.57 ,$125.45 ,$170.47 ,$205.06 ,$32.21 ,$279.91 ,$85.55 ,$249.33 ,$134.73 ,$21.32 ,$33.37 ,$482.86 ,$141.51 ,$129.01 ,$264.51 ,$162.88 ,$136.99 
$14.06 ,$86.08 ,$52.99 ,$71.87 ,$125.40 ,$171.88 ,$203.57 ,$34.38 ,$279.19 ,$86.46 ,$248.86 ,$135.72 ,$21.72 ,$34.32 ,$498.69 ,$142.77 ,$128.72 ,$267.66 ,$170.88 ,$139.07 
$13.99 ,$85.94 ,$54.14 ,$71.83 ,$125.32 ,$170.36 ,$202.80 ,$35.33 ,$275.78 ,$86.35 ,$251.09 ,$136.33 ,$21.83 ,$34.38 ,$498.54 ,$143.52 ,$130.05 ,$268.40 ,$172.19 ,$139.97 
$13.86 ,$83.28 ,$52.50 ,$71.66 ,$125.13 ,$170.70 ,$201.12 ,$34.70 ,$271.09 ,$83.34 ,$241.58 ,$137 ,$20.68 ,$32.73 ,$482.61 ,$140.78 ,$129.84 ,$266.21 ,$169.77 ,$136.31 
$12.39 ,$84.81 ,$52.94 ,$71.99 ,$124.25 ,$169.01 ,$200.54 ,$34.76 ,$264.84 ,$84.64 ,$244.99 ,$137.56 ,$21.13 ,$33.33 ,$476.30 ,$142.66 ,$129.21 ,$262.85 ,$168.19 ,$137.70 
$13.30 ,$87.55 ,$54.13 ,$70.87 ,$122.63 ,$169.39 ,$199.18 ,$35.28 ,$268.03 ,$90.98 ,$244.36 ,$136.81 ,$22.55 ,$35.65 ,$477.84 ,$146.51 ,$128.49 ,$259.58 ,$160.03 ,$139.84 
$13.15 ,$85.64 ,$56.18 ,$69.87 ,$121.58 ,$166.66 ,$196.89 ,$33.59 ,$263.52 ,$89.81 ,$242.91 ,$134.54 ,$22.48 ,$35.76 ,$485.81 ,$144.78 ,$129.41 ,$256.83 ,$161.25 ,$136.72 
$12.97 ,$88.12 ,$58.19 ,$69.21 ,$121.92 ,$166.73 ,$199.50 ,$33.61 ,$267.34 ,$91.46 ,$241.07 ,$134.37 ,$22.79 ,$36.18 ,$490.41 ,$146.98 ,$129.77 ,$260.26 ,$163.94 ,$138.45 
$13.11 ,$91.50 ,$58.19 ,$68.58 ,$122.37 ,$164.01 ,$198.12 ,$34.51 ,$266.21 ,$95.22 ,$247.99 ,$133.03 ,$24.13 ,$36.97 ,$498.45 ,$149.94 ,$130.33 ,$256.48 ,$160.68 ,$138.70 
$13.13 ,$89.03 ,$57.68 ,$70.41 ,$124.12 ,$166.35 ,$203.56 ,$33.17 ,$267.88 ,$92.23 ,$251.99 ,$136.54 ,$23.12 ,$35.89 ,$505.71 ,$147.57 ,$132.80 ,$264.89 ,$169.49 ,$138.72 
$12.97 ,$86.90 ,$56.32 ,$70.70 ,$123.72 ,$166.13 ,$205.51 ,$33.43 ,$265.13 ,$90.91 ,$248.29 ,$137.08 ,$22.05 ,$35.06 ,$509.09 ,$144.77 ,$134.33 ,$267.70 ,$170.16 ,$141.53 
$12.83 ,$85.21 ,$54.75 ,$67.63 ,$123.62 ,$164.10 ,$196.64 ,$31.58 ,$259.68 ,$87.89 ,$235.84 ,$135.94 ,$22.02 ,$34.98 ,$496.58 ,$142.43 ,$130.15 ,$258.86 ,$158.75 ,$133.97 
$13.37 ,$87.86 ,$55.61 ,$66.53 ,$120.69 ,$162.03 ,$193.82 ,$31.60 ,$255.90 ,$93.06 ,$241.35 ,$133.17 ,$23.10 ,$37.52 ,$496.10 ,$147.87 ,$130.40 ,$253.13 ,$155.85 ,$137.16 
$13.63 ,$91.48 ,$57.72 ,$67.68 ,$122.17 ,$160.71 ,$194.39 ,$31.71 ,$252.18 ,$99.28 ,$242.08 ,$131.67 ,$24.90 ,$38.82 ,$503.77 ,$154.59 ,$130.01 ,$253.74 ,$157.05 ,$136.75 
$13.34 ,$86.12 ,$57.76 ,$67.72 ,$118.29 ,$157.06 ,$190.01 ,$31.67 ,$244.52 ,$93.74 ,$239.69 ,$127.59 ,$24.15 ,$36.64 ,$498.65 ,$148.38 ,$129.84 ,$247.65 ,$163.74 ,$136.80 
$13.43 ,$91.39 ,$60.21 ,$68.71 ,$120.62 ,$157.03 ,$189.05 ,$30.87 ,$248.30 ,$102.42 ,$245.54 ,$124.28 ,$25.66 ,$38.48 ,$497.18 ,$155.48 ,$130.94 ,$244.97 ,$160.87 ,$133.36 
$14.17 ,$94.89 ,$61.95 ,$69.70 ,$119.38 ,$157.79 ,$196.16 ,$32.64 ,$247.10 ,$109.33 ,$265.96 ,$126.52 ,$28.07 ,$41.52 ,$526.71 ,$164.26 ,$134.33 ,$251.76 ,$169.35 ,$133.72 
$14.02 ,$96.10 ,$59.97 ,$70.72 ,$119.46 ,$156.12 ,$193.52 ,$32.27 ,$245.71 ,$111.49 ,$260.12 ,$124.90 ,$28.79 ,$43.22 ,$520.17 ,$167.55 ,$135.25 ,$244.49 ,$163.73 ,$122.16 
$14.11 ,$95.85 ,$60.81 ,$64.05 ,$119.41 ,$159.74 ,$192.26 ,$30.60 ,$242.23 ,$111.76 ,$265.06 ,$124.62 ,$28.39 ,$44.32 ,$517.62 ,$167.33 ,$136.37 ,$242.26 ,$164.26 ,$115.86 
$14.65 ,$100.46 ,$63.48 ,$67.14 ,$121.70 ,$162.52 ,$199.51 ,$33.50 ,$253.29 ,$116.83 ,$280.22 ,$130.51 ,$30.29 ,$47.21 ,$541.27 ,$175.40 ,$137.65 ,$252.99 ,$175.57 ,$127 
$15.94 ,$102.33 ,$65.28 ,$69.22 ,$121.02 ,$162.78 ,$206.11 ,$35.29 ,$257.58 ,$118.56 ,$298.40 ,$133.02 ,$31.25 ,$48.14 ,$556.22 ,$177.52 ,$144.18 ,$264.79 ,$184 ,$133.73 
$16.44 ,$104.59 ,$67.59 ,$71.38 ,$122.30 ,$165.73 ,$213.50 ,$37.39 ,$260.78 ,$121.86 ,$305.19 ,$135.21 ,$31.93 ,$49.57 ,$565.36 ,$181.13 ,$145.42 ,$270.41 ,$196.64 ,$139.63 
$16.09 ,$103.37 ,$69.21 ,$72.69 ,$123.37 ,$166.56 ,$214.50 ,$35.83 ,$262.28 ,$122.71 ,$312.68 ,$138.59 ,$32.17 ,$48.93 ,$572.99 ,$180.20 ,$146.87 ,$272.50 ,$195.65 ,$140.82 
$15.85 ,$98.84 ,$66.78 ,$72.97 ,$124.87 ,$165.54 ,$212.94 ,$35.50 ,$258.32 ,$117.38 ,$307.27 ,$137.17 ,$31.41 ,$47.22 ,$561.23 ,$176.83 ,$146.21 ,$268.75 ,$194.25 ,$139.24 
$15.09 ,$99.09 ,$67.10 ,$71.79 ,$125.32 ,$164.85 ,$212.65 ,$34.96 ,$253.97 ,$118.12 ,$301.25 ,$136.61 ,$31.68 ,$47.47 ,$563.32 ,$177.60 ,$145.97 ,$270.02 ,$190.78 ,$139.25 
$14.88 ,$97.67 ,$67.44 ,$73.14 ,$127.51 ,$166.68 ,$215.05 ,$35.53 ,$263.43 ,$114.96 ,$299.70 ,$135.80 ,$31.20 ,$46.30 ,$576.74 ,$176 ,$148.18 ,$274.58 ,$198.86 ,$140.50 
$14.67 ,$97.84 ,$66.40 ,$71.60 ,$125.45 ,$166.49 ,$209.93 ,$35.16 ,$264.58 ,$115.75 ,$293.50 ,$134.56 ,$31.38 ,$46.68 ,$573.62 ,$176.32 ,$146.42 ,$272.42 ,$188.64 ,$130.65 
$14.77 ,$96 ,$65.53 ,$71.92 ,$128.63 ,$167.75 ,$212.17 ,$35.46 ,$268.29 ,$112.36 ,$298.18 ,$133.29 ,$31.43 ,$45.96 ,$580.13 ,$174.66 ,$149.29 ,$271.87 ,$193.64 ,$131.40 
$14.93 ,$97.59 ,$65.86 ,$72.78 ,$128.48 ,$171.77 ,$212.88 ,$34.62 ,$272.40 ,$114.60 ,$297.46 ,$134.11 ,$31.07 ,$48.21 ,$583.28 ,$178.28 ,$149.51 ,$273.24 ,$195.13 ,$132.23 
$14.74 ,$96.64 ,$63.44 ,$71.66 ,$126 ,$170.11 ,$208.55 ,$34.17 ,$268.88 ,$113.15 ,$284.84 ,$132.74 ,$29.75 ,$46.69 ,$550.66 ,$176.59 ,$147.04 ,$265.90 ,$191.63 ,$127.73 
$14.25 ,$96.30 ,$63.70 ,$69.83 ,$123.37 ,$168.97 ,$203.84 ,$32.07 ,$265.75 ,$111.20 ,$275.82 ,$131.44 ,$29.01 ,$45.05 ,$531.63 ,$175.41 ,$145.79 ,$262.52 ,$183.83 ,$122.06 
$13.98 ,$94.40 ,$64.00 ,$69.03 ,$124.13 ,$167.82 ,$202.63 ,$30.98 ,$264.96 ,$109.48 ,$267.74 ,$129.22 ,$28.08 ,$43.90 ,$524.20 ,$172.64 ,$145.75 ,$259.62 ,$181.28 ,$119.40 
$14.40 ,$93.89 ,$63.71 ,$70.04 ,$122.60 ,$165.60 ,$207.56 ,$32.99 ,$263.37 ,$109.02 ,$274.15 ,$129.89 ,$28.13 ,$43.81 ,$526.36 ,$171.72 ,$144.38 ,$260.65 ,$196.23 ,$124.07 
$14.24 ,$91.86 ,$62.43 ,$68.63 ,$119.20 ,$162.21 ,$199.03 ,$33.46 ,$259.49 ,$105.02 ,$269.92 ,$126.04 ,$27.26 ,$41.12 ,$543.19 ,$167.82 ,$143.83 ,$252.56 ,$193.54 ,$120.70 
$14.87 ,$91.14 ,$61.09 ,$67.04 ,$119.07 ,$161.20 ,$197.37 ,$33.26 ,$256.88 ,$104.61 ,$272.61 ,$125.88 ,$26.88 ,$40.85 ,$546.21 ,$166.86 ,$146.96 ,$253.14 ,$191.29 ,$127.14 
$14.95 ,$90.65 ,$59.19 ,$68.30 ,$122.43 ,$163.65 ,$199.99 ,$33.82 ,$257.57 ,$104.48 ,$273.40 ,$125.24 ,$26.77 ,$41.13 ,$570.57 ,$168.06 ,$148.93 ,$254.08 ,$192.24 ,$125.52 
$15.48 ,$92.11 ,$60.79 ,$71.88 ,$131.35 ,$174.46 ,$204 ,$34.69 ,$271.35 ,$107.02 ,$290.46 ,$128.62 ,$28.36 ,$42.95 ,$608.15 ,$174.03 ,$152.34 ,$266.82 ,$202.62 ,$132.05 
$15.08 ,$90.95 ,$58.86 ,$69.71 ,$148.21 ,$175.47 ,$197.81 ,$33.37 ,$266.49 ,$105.50 ,$282.93 ,$126.55 ,$27.98 ,$42.14 ,$582.67 ,$173.01 ,$150.50 ,$261.50 ,$200.04 ,$124.05 
$14.85 ,$88.86 ,$58.93 ,$71.17 ,$148.05 ,$173.72 ,$199.23 ,$34.68 ,$259.19 ,$102.91 ,$288.44 ,$126.33 ,$27 ,$40.74 ,$588.24 ,$167.87 ,$149.30 ,$261.12 ,$198.62 ,$127.20 
$14.71 ,$86.30 ,$57.48 ,$70.73 ,$147.48 ,$170.40 ,$193.97 ,$30.14 ,$260.03 ,$99.60 ,$283.02 ,$124.03 ,$25.13 ,$39.03 ,$571.57 ,$164.71 ,$149.59 ,$255.35 ,$191.24 ,$123.14 
$14.86 ,$86.79 ,$58.21 ,$71.03 ,$147.62 ,$170.66 ,$196.72 ,$30.33 ,$260.20 ,$99.04 ,$280.82 ,$123.28 ,$25.17 ,$38.37 ,$567.11 ,$163.16 ,$146.41 ,$260.55 ,$188.74 ,$129.39 
$14.91 ,$85.02 ,$57.98 ,$72.53 ,$149.18 ,$171.49 ,$193.58 ,$31.20 ,$260.65 ,$98 ,$293.69 ,$123 ,$24.39 ,$37.89 ,$581.39 ,$160.78 ,$149.12 ,$269.50 ,$197.65 ,$132.95 
$15.26 ,$84.46 ,$57.63 ,$71.54 ,$151.31 ,$171.70 ,$193 ,$31.86 ,$261.41 ,$97.20 ,$286.82 ,$121.73 ,$24.20 ,$38.04 ,$562.92 ,$159.25 ,$152.38 ,$264.58 ,$196.21 ,$133.31 
$15.81 ,$91.69 ,$61.07 ,$72.49 ,$149.56 ,$170.41 ,$202.82 ,$34.29 ,$266.90 ,$107.69 ,$295.46 ,$126.80 ,$28.15 ,$43.03 ,$580.10 ,$170.69 ,$149.53 ,$274.73 ,$203.77 ,$148.90 
$16.28 ,$90.31 ,$61.01 ,$72.80 ,$152.74 ,$170.39 ,$205.24 ,$35.55 ,$252.08 ,$102.86 ,$303.20 ,$129.56 ,$27.68 ,$42.08 ,$579.99 ,$166.26 ,$149.46 ,$277.35 ,$208.28 ,$150.47 
$16.56 ,$91.70 ,$64.24 ,$75.21 ,$154.62 ,$173.86 ,$214.52 ,$37.06 ,$255.67 ,$103.86 ,$320.51 ,$132.37 ,$27.69 ,$42.60 ,$603.66 ,$167.59 ,$154.23 ,$289.98 ,$223.41 ,$156.97 
$16.34 ,$88.19 ,$62.95 ,$73.29 ,$152.51 ,$167.99 ,$208.56 ,$36.43 ,$247.29 ,$98.93 ,$312.45 ,$126.25 ,$26.25 ,$40.15 ,$581.17 ,$162.49 ,$148.08 ,$281.78 ,$212.03 ,$153.58 
$15.46 ,$86.41 ,$62.51 ,$74 ,$151.98 ,$167.76 ,$211.53 ,$36.69 ,$246.11 ,$95.92 ,$307.03 ,$126.40 ,$24.95 ,$39.11 ,$576.35 ,$159.75 ,$145.91 ,$284.47 ,$211.13 ,$148.61 
$16.01 ,$85.25 ,$62.12 ,$73.40 ,$152.99 ,$171.71 ,$213.13 ,$35.43 ,$246.78 ,$95.52 ,$316.52 ,$123.14 ,$24.92 ,$39.01 ,$554.39 ,$156.67 ,$144.22 ,$277.52 ,$200.47 ,$148.84 
$16.31 ,$87.20 ,$63.16 ,$76.14 ,$156.21 ,$177.50 ,$220.66 ,$35.68 ,$254.24 ,$97.55 ,$318.50 ,$132.29 ,$25.46 ,$40.11 ,$578.94 ,$161.79 ,$147.14 ,$289.63 ,$205.73 ,$154.22 
$15.79 ,$84.64 ,$62.30 ,$74.76 ,$154.24 ,$174.85 ,$214.11 ,$34.84 ,$250.77 ,$93.06 ,$309.62 ,$129.84 ,$24.66 ,$39.95 ,$559.54 ,$156.24 ,$144.21 ,$283.22 ,$174.95 ,$154.46 
$15.56 ,$82.29 ,$59.58 ,$74.51 ,$155.30 ,$173.30 ,$201.10 ,$34.75 ,$252.60 ,$91.32 ,$302.26 ,$124.96 ,$24.08 ,$39.54 ,$560.07 ,$156.53 ,$144.22 ,$270.22 ,$180.95 ,$167.04 
$16.07 ,$82.26 ,$61.11 ,$76.98 ,$156.94 ,$173.74 ,$209.95 ,$36.29 ,$254.36 ,$91.66 ,$313.28 ,$128.81 ,$24.14 ,$38.69 ,$587.88 ,$157.49 ,$148.60 ,$280.72 ,$186.99 ,$175.91 
$15.91 ,$85.13 ,$63.05 ,$76.21 ,$156.86 ,$172.15 ,$208.17 ,$36.40 ,$255.06 ,$96.01 ,$314.67 ,$128.63 ,$25 ,$41.65 ,$586.95 ,$160.95 ,$149.17 ,$274.03 ,$184.11 ,$176.92 
$16.63 ,$87.03 ,$66.27 ,$79.48 ,$159.87 ,$174.84 ,$216.45 ,$37.21 ,$264.61 ,$98.67 ,$337.72 ,$132.10 ,$26.09 ,$40.65 ,$592.73 ,$164.58 ,$151.77 ,$280.81 ,$188.07 ,$181.02 
$16.37 ,$87.96 ,$71.32 ,$80.29 ,$159.63 ,$175.47 ,$217.79 ,$38.51 ,$268.87 ,$102.67 ,$353.09 ,$132.70 ,$27.65 ,$42.68 ,$597.72 ,$172.53 ,$150.59 ,$286.36 ,$200.42 ,$183.55 
$16.11 ,$87.76 ,$72.21 ,$79.56 ,$157.65 ,$172.90 ,$215.70 ,$38.24 ,$261.03 ,$101.56 ,$351.48 ,$132.84 ,$26.78 ,$43.43 ,$597.62 ,$171.83 ,$150.10 ,$285.30 ,$217.31 ,$185.98 
$15.54 ,$88.55 ,$72.69 ,$78.22 ,$155.88 ,$170.42 ,$213.17 ,$36.65 ,$258.96 ,$103.47 ,$339.55 ,$130.76 ,$26.88 ,$43.68 ,$586.50 ,$173.89 ,$146.18 ,$280.52 ,$210.77 ,$179.85 
$15.63 ,$87.83 ,$72.47 ,$79.45 ,$157.08 ,$171.90 ,$212.79 ,$36.96 ,$259.21 ,$101.37 ,$331.07 ,$132.96 ,$26.61 ,$43.25 ,$573.85 ,$171.59 ,$147.38 ,$279.83 ,$210.18 ,$181.94 
$14.84 ,$86.81 ,$72.46 ,$79.75 ,$157.22 ,$173 ,$213.27 ,$36.25 ,$258.99 ,$100.23 ,$324.75 ,$134.85 ,$26.57 ,$42.57 ,$592.54 ,$171.67 ,$148.66 ,$287.62 ,$214.99 ,$182.87 
$14.43 ,$85.60 ,$71.44 ,$79.33 ,$153.23 ,$173.30 ,$211.40 ,$35.03 ,$254.82 ,$100 ,$318.80 ,$131.44 ,$26.27 ,$41.53 ,$585.07 ,$169.01 ,$148.58 ,$282.06 ,$214.14 ,$176.28 
$14.28 ,$83.85 ,$70.39 ,$79.76 ,$154.29 ,$172.60 ,$214.75 ,$35.04 ,$254.12 ,$97.98 ,$316.03 ,$130.42 ,$25.22 ,$41.33 ,$580.61 ,$165.56 ,$150.12 ,$285.26 ,$216.46 ,$175.03 
$14.17 ,$86.84 ,$72.03 ,$80.94 ,$157.41 ,$173.13 ,$216.98 ,$35.95 ,$257.90 ,$103.05 ,$317.05 ,$132.84 ,$25.90 ,$42.55 ,$587 ,$169.93 ,$149.81 ,$296.97 ,$222.33 ,$175.20 
$14.18 ,$85.05 ,$71.73 ,$81.54 ,$156.54 ,$172.55 ,$216.15 ,$36.11 ,$255.13 ,$99.96 ,$320.92 ,$133.28 ,$24.93 ,$40.97 ,$603.05 ,$167.10 ,$149.95 ,$301.37 ,$222.95 ,$177.97 
$13.56 ,$83.65 ,$71.70 ,$82.12 ,$154.99 ,$172.39 ,$219.01 ,$37 ,$249.61 ,$97.54 ,$325.47 ,$133.71 ,$24.42 ,$40.78 ,$602 ,$164.81 ,$150.30 ,$299.50 ,$223.30 ,$178.72 
$13.77 ,$82.73 ,$71.57 ,$82.94 ,$151.47 ,$169.50 ,$226.09 ,$37.83 ,$245.09 ,$98.05 ,$342.22 ,$131.96 ,$24.80 ,$40.46 ,$614.12 ,$163.36 ,$148.90 ,$310.88 ,$231.84 ,$182.65 
$13.91 ,$83.16 ,$73.06 ,$84.07 ,$151.04 ,$169.32 ,$227.74 ,$39.93 ,$242.26 ,$100.55 ,$349.90 ,$132.59 ,$25.68 ,$41.55 ,$634.85 ,$164.37 ,$149.53 ,$314.97 ,$233.89 ,$191.18 
$14.13 ,$83.12 ,$73.54 ,$82.01 ,$151.01 ,$169.76 ,$226.36 ,$39.52 ,$246.25 ,$100.58 ,$354 ,$130.76 ,$25.75 ,$41.69 ,$626.98 ,$164.22 ,$149.69 ,$309.42 ,$224.85 ,$190.76 
$13.95 ,$82.59 ,$71.64 ,$82.73 ,$148.92 ,$167.38 ,$221.77 ,$38.87 ,$239.61 ,$100 ,$355.21 ,$128.35 ,$25.11 ,$41.31 ,$629.68 ,$162.83 ,$148.88 ,$308.31 ,$222.36 ,$191.50 
$14.07 ,$83.78 ,$72.45 ,$83.36 ,$149.87 ,$167.96 ,$223.95 ,$39.65 ,$245.83 ,$101.10 ,$359.19 ,$128.61 ,$25.50 ,$42.21 ,$631.09 ,$165.48 ,$151.43 ,$313.86 ,$227.85 ,$194.91 
$14.16 ,$82.37 ,$70.14 ,$84.29 ,$147.23 ,$168.19 ,$228.12 ,$40 ,$243.34 ,$100.69 ,$365.20 ,$128.43 ,$25 ,$42.63 ,$641.47 ,$164.32 ,$152.08 ,$315.41 ,$229.86 ,$193.80 
$14.29 ,$82.81 ,$70.10 ,$83.60 ,$146 ,$165.73 ,$220.77 ,$38.89 ,$243.66 ,$103.50 ,$363.40 ,$126.49 ,$25.29 ,$41.73 ,$632.88 ,$166.35 ,$149.47 ,$310.70 ,$223.59 ,$188.16 
$14.41 ,$85.20 ,$69.87 ,$81.73 ,$143.45 ,$165.24 ,$218.43 ,$39.20 ,$243.58 ,$107.50 ,$363.67 ,$124.29 ,$26.04 ,$43.68 ,$628.87 ,$169.31 ,$150.46 ,$303.68 ,$221.82 ,$188.95 
$14.38 ,$83.38 ,$68.88 ,$82.24 ,$142.83 ,$164.47 ,$217.31 ,$39.73 ,$242.10 ,$104.54 ,$358.98 ,$125.69 ,$25.53 ,$42.64 ,$626.43 ,$166.30 ,$148.98 ,$304.10 ,$219.57 ,$189.05 
$14.23 ,$83.13 ,$67.66 ,$80.39 ,$141.95 ,$163.48 ,$214.68 ,$38.17 ,$238.50 ,$104.37 ,$354.43 ,$124.83 ,$25.58 ,$42.41 ,$599.38 ,$165.86 ,$147.68 ,$299.49 ,$213.46 ,$186.04 
$14.19 ,$81.84 ,$65.87 ,$81.80 ,$143.80 ,$164.34 ,$218.47 ,$39.02 ,$243.53 ,$101.77 ,$356.36 ,$125.69 ,$24.66 ,$41.20 ,$611.34 ,$164.09 ,$149.94 ,$304.06 ,$216.65 ,$191.04 
$14.51 ,$82.20 ,$66.44 ,$80.96 ,$144.23 ,$162.56 ,$217.04 ,$38.69 ,$243.51 ,$102.76 ,$347.80 ,$125.97 ,$25.05 ,$41.19 ,$601.29 ,$164.64 ,$148.58 ,$299.16 ,$211.49 ,$185.90 
$14.38 ,$78.67 ,$63.80 ,$81.68 ,$145.44 ,$162.79 ,$219.11 ,$38.96 ,$241.16 ,$99.60 ,$346.24 ,$127.18 ,$23.08 ,$39.73 ,$610.41 ,$161.73 ,$148.32 ,$300.43 ,$216.49 ,$192.83 
$14.03 ,$78.98 ,$62.97 ,$80.60 ,$145.01 ,$160.94 ,$213.45 ,$37.37 ,$242.39 ,$98.83 ,$346.77 ,$128.95 ,$23.07 ,$39.51 ,$602.67 ,$160.44 ,$147.69 ,$295.22 ,$207.84 ,$190.19 
$13.86 ,$76.93 ,$61.99 ,$79.96 ,$145.35 ,$159.70 ,$211.87 ,$36.54 ,$237.50 ,$94.82 ,$337.56 ,$127.76 ,$21.59 ,$37.88 ,$607.12 ,$157.71 ,$145.51 ,$294.39 ,$203.63 ,$188.99 
$13.84 ,$77.22 ,$60.08 ,$80.60 ,$145.78 ,$159 ,$206.14 ,$32.66 ,$233.08 ,$95.05 ,$328.35 ,$126.28 ,$21.65 ,$39.26 ,$592.76 ,$158.28 ,$144.31 ,$287.15 ,$192.03 ,$179.89 
$14.35 ,$81.88 ,$60.73 ,$77.07 ,$144.05 ,$155.89 ,$200.33 ,$32.09 ,$226.20 ,$96.55 ,$320.26 ,$124.07 ,$22.18 ,$41.55 ,$567.80 ,$166.72 ,$143.48 ,$276.44 ,$186.63 ,$175.52 
$14.53 ,$84.92 ,$63.57 ,$77.82 ,$142.07 ,$153.73 ,$196.71 ,$36.42 ,$226.86 ,$98.41 ,$322.75 ,$124.57 ,$23.17 ,$42.90 ,$577.85 ,$170.90 ,$140.96 ,$280.07 ,$187.61 ,$176.23 
$14.19 ,$85.36 ,$66.04 ,$76.65 ,$142.63 ,$154.51 ,$197.97 ,$38.60 ,$229.46 ,$99.72 ,$321.25 ,$123.54 ,$23.88 ,$43.40 ,$587.73 ,$170.82 ,$143.93 ,$285.59 ,$195.21 ,$178.39 
$13.54 ,$82.79 ,$64.77 ,$76.10 ,$139.46 ,$157.40 ,$199.76 ,$38.77 ,$231.26 ,$96.21 ,$315.79 ,$121.96 ,$23.40 ,$42.56 ,$597.02 ,$166.27 ,$146.60 ,$288.50 ,$198.50 ,$178.56 
$12.99 ,$87.78 ,$64.52 ,$73.33 ,$138.74 ,$157.87 ,$191.71 ,$37 ,$229.10 ,$98.80 ,$310.68 ,$119.28 ,$24.09 ,$45.08 ,$575.95 ,$170.53 ,$145.40 ,$275.85 ,$190.29 ,$173.80 
$12.65 ,$87.12 ,$67.14 ,$74.32 ,$141.67 ,$162.45 ,$190.70 ,$36.10 ,$237.85 ,$101.27 ,$298.24 ,$122.31 ,$24.33 ,$42.10 ,$570.70 ,$162.04 ,$143.28 ,$278.91 ,$187.47 ,$169.17 
$12.90 ,$84.09 ,$67.81 ,$76.49 ,$142.82 ,$165.75 ,$200.29 ,$40.80 ,$241.63 ,$100.27 ,$316.51 ,$123.23 ,$23.81 ,$38.94 ,$595.99 ,$158.65 ,$146.73 ,$289.86 ,$200.06 ,$180.84 
$13.23 ,$81.04 ,$67.70 ,$78.25 ,$139.29 ,$163.27 ,$207.23 ,$42.37 ,$237.81 ,$97.41 ,$328.64 ,$123.92 ,$22.89 ,$38.52 ,$578.60 ,$156.22 ,$148.30 ,$295.92 ,$202.97 ,$188.85 
$13.29 ,$80.53 ,$66.74 ,$78.28 ,$136.16 ,$164.52 ,$208.48 ,$44.40 ,$240.51 ,$98.04 ,$326.31 ,$125.61 ,$23 ,$39.24 ,$585.78 ,$154.14 ,$147.22 ,$300.19 ,$208.11 ,$197.81 
$13.06 ,$79.17 ,$63.53 ,$76.01 ,$135.99 ,$162.27 ,$208.97 ,$40.30 ,$237.10 ,$96.96 ,$313.04 ,$123.13 ,$22.89 ,$37.67 ,$570.12 ,$149.72 ,$144.75 ,$294.95 ,$203.49 ,$194.91 
$13.37 ,$78.42 ,$62.87 ,$75.97 ,$135.16 ,$163.74 ,$216.12 ,$42.86 ,$237.78 ,$94.86 ,$321.62 ,$123.21 ,$22.56 ,$39.24 ,$587.44 ,$144 ,$148.65 ,$298.79 ,$211.03 ,$205.34 
$13.35 ,$77.84 ,$62.19 ,$76.35 ,$136.38 ,$168.38 ,$219.27 ,$44.52 ,$232.84 ,$91.27 ,$316.31 ,$125.46 ,$21.88 ,$39.45 ,$588.01 ,$140.38 ,$150.51 ,$297.31 ,$210.48 ,$201.48 
$13.11 ,$75.80 ,$58.89 ,$74.81 ,$134.53 ,$163.79 ,$217.30 ,$43.58 ,$224.43 ,$87.73 ,$308.32 ,$123.66 ,$21.43 ,$38.32 ,$580 ,$134.85 ,$143.70 ,$294.59 ,$207.60 ,$198.43 
$13.17 ,$76.77 ,$63.77 ,$72.47 ,$135.05 ,$166.69 ,$215.95 ,$45.15 ,$225.09 ,$88.23 ,$299.20 ,$121.44 ,$21.74 ,$39.74 ,$565.19 ,$135.55 ,$144.38 ,$280.27 ,$198.45 ,$196.42 
$13.54 ,$76.46 ,$63.75 ,$74.12 ,$136.45 ,$168.35 ,$221.32 ,$45.42 ,$227.73 ,$87.83 ,$312.32 ,$123.51 ,$21.60 ,$39.55 ,$577.46 ,$132.40 ,$146.75 ,$287.72 ,$202.08 ,$198.74 
$13.13 ,$77.36 ,$64.30 ,$74.57 ,$137.99 ,$167.71 ,$222.69 ,$47.12 ,$228.65 ,$89.63 ,$311.82 ,$123.98 ,$21.87 ,$40.21 ,$579.99 ,$133.42 ,$147.62 ,$287.93 ,$206.16 ,$209.03 
$13.25 ,$78.23 ,$62.99 ,$75.53 ,$138.88 ,$166.75 ,$224.61 ,$47.06 ,$227.11 ,$91.16 ,$314.21 ,$124.55 ,$21.89 ,$41.11 ,$579 ,$133.61 ,$148.64 ,$290.73 ,$207.71 ,$213.58 
$12.95 ,$78.35 ,$63.74 ,$79.19 ,$133.53 ,$166.30 ,$228.82 ,$47.61 ,$229 ,$90.21 ,$325.12 ,$127.46 ,$21.07 ,$41.69 ,$597.21 ,$134.30 ,$155.63 ,$299.50 ,$216.54 ,$218.93 
$12.85 ,$77.99 ,$62.62 ,$79.77 ,$134.37 ,$165.96 ,$227.82 ,$47.76 ,$228.41 ,$89.68 ,$322.87 ,$127.03 ,$20.54 ,$40.09 ,$602.77 ,$134.26 ,$157.34 ,$300.47 ,$221 ,$217.73 
$12.47 ,$78.98 ,$63.30 ,$78.95 ,$133.95 ,$166.70 ,$225.34 ,$46.21 ,$225.24 ,$91.55 ,$313.25 ,$125.51 ,$21.21 ,$39.30 ,$578.58 ,$136.67 ,$158.01 ,$295 ,$217.70 ,$210.04 
$12.56 ,$80.21 ,$63.91 ,$79.75 ,$135.33 ,$168.58 ,$224.69 ,$45.16 ,$227.50 ,$93.52 ,$312.91 ,$124.48 ,$22.21 ,$40.62 ,$573.42 ,$138.81 ,$159.54 ,$295.04 ,$219.55 ,$212.30 
$12.44 ,$78.24 ,$64.86 ,$81.85 ,$136.08 ,$168.37 ,$225.59 ,$46.65 ,$230.27 ,$91.91 ,$325.68 ,$125.13 ,$21.41 ,$39.17 ,$591.36 ,$136.04 ,$159.74 ,$302.38 ,$228.07 ,$218.75 
$12.38 ,$79 ,$63.90 ,$83.45 ,$137.69 ,$171.94 ,$230.87 ,$46.71 ,$232.38 ,$92.95 ,$334.19 ,$128.08 ,$21.53 ,$39.40 ,$611.34 ,$137.79 ,$163.64 ,$311.21 ,$232 ,$215.86 
$12.53 ,$80.26 ,$64.14 ,$80.79 ,$137.99 ,$172.02 ,$227.94 ,$45.75 ,$231.77 ,$91.33 ,$323.39 ,$125.44 ,$21.11 ,$38.90 ,$600.22 ,$136.44 ,$162.41 ,$304.56 ,$220.18 ,$213.27 
